Sample.ID,Chinook.c.ul,Chinook.c.uL.lower,Chinook.c.uL.upper,Chinook.c.well,Chinook.c.well.lower,Chinook.c.well.upper,C.shasta.c.uL,C.shasta.c.uL.lower,C.shasta.c.uL.upper,C.shasta.c.well,C.shasta.c.well.lower,C.shasta.c.well.upper,Accepted.Droplets,Velocity.0.8,Velocity.0.6,Velocity.0.2,Point.Depth,Volume..ml.,Distance.Left.Bank.ft.,Distance.From.Shore,Site,Type,Q.cfs,Q.L.s,Q.,SubQ..L.s.,JulDay,Elution.volum..uL.,DistanceFromShore.m,Distance.Left.Bank.m,Width.Interval,Width.Interval.Round.m,Chinook.vol.cor.conc,C.shasta.vol.cor.conc,SiteN,Meters,V.M.,D.M.,DistanceFromShore.m.z,D.M..z,V.M..z,Chinook.vol.cor.conc.z,D.thal.m,Type01
BVR_G_01,1.17,0.672,1.87,23.4,13.44,37.4,288,278,298,5755,5560,5960,15067,0,0,0,0,950,6.56168,6.56168,BVR,G,1311.080629,37125.60796,0,0,109,100,2.000000064,2.000000064,2.000000064,2,148200000,36448333333,4,300533,0,0,2.000000064,-0.843548645,-2.080687167,-0.709392712,12,0
BVR_G_02,0.707,0.337,1.28,14.1,6.74,25.6,157,149,164,3132,2980,3280,14974,0.385266667,1.193693333,1.193693333,0,920,16.4042,16.4042,BVR,G,1311.080629,37125.60796,5.471355358,2031.27394,109,100,5.00000016,5.00000016,3.000000096,3,86480000,19209600000,4,300533,0.363837728,0,5.00000016,-0.843548645,-1.210431983,-0.818988324,9,0
BVR_G_03,2.78,1.9,3.9,55.6,38,78,735,716,754,14697,14320,15080,12714,0.67924,1.34068,1.56116,0,1150,26.24672,26.24672,BVR,G,1311.080629,37125.60796,7.897751431,2932.088234,109,100,8.000000256,8.000000256,3.000000096,3,426266666.7,1.13E+11,4,300533,0.408639264,0,8.000000256,-0.843548645,-1.103272208,-0.215632399,6,0
BVR_G_04,0,0,0.255,0,0,5.1,155,147,162,3092,2940,3240,13812,1.928626667,2.075613333,2.66356,0,1180,36.08924,36.08924,BVR,G,1311.080629,37125.60796,13.94815771,5178.338349,109,100,11.00000035,11.00000035,3.000000094,3,0,24323733333,4,300533,0.632646944,0,11.00000035,-0.843548645,-0.567473335,-0.972550031,3,0
BVR_G_05,3.44,2.53,4.55,68.8,50.6,91,524,510,538,10477,10200,10760,15417,1.928626667,2.44308,2.590066667,0,1000,45.93176,45.93176,BVR,G,1311.080629,37125.60796,13.76776815,5111.367628,109,100,14.00000045,14.00000045,3.0000001,3,458666666.7,69846666667,4,300533,0.744650784,0,14.00000045,-0.843548645,-0.299573898,-0.15810003,0,0
BVR_G_06,5.27,4.04,6.74,105,80.8,134.8,702,684,720,14040,13680,14400,13192,1.928626667,2.44308,2.737053333,0,1250,55.77428,55.77428,BVR,G,1311.080629,37125.60796,11.83172014,4392.598034,109,100,17.00000054,17.00000054,3.00000009,3,8.75E+08,1.17E+11,4,300533,0.744650784,0,17.00000054,-0.843548645,-0.299573898,0.581179077,3,0
BVR_G_07,5.83,4.57,7.3,117,91.4,146,764,746,783,15284,14920,15660,14362,1.928626667,2.66356,2.957533333,0,1000,65.6168,65.6168,BVR,G,1311.080629,37125.60796,10.73421227,3985.141565,109,100,20.00000064,20.00000064,3.0000001,3,7.80E+08,1.02E+11,4,300533,0.811853088,0,20.00000064,-0.843548645,-0.138834236,0.412488489,6,0
BVR_G_08,2.76,1.94,3.78,55.2,38.8,75.6,594,579,610,11889,11580,12200,14935,2.44308,2.590066667,3.10452,0,960,75.45932,55.77428,BVR,G,1311.080629,37125.60796,9.664204707,3587.894752,109,100,17.00000054,23.00000074,3.0000001,3,353280000,76089600000,4,300533,0.78945232,0,17.00000054,-0.843548645,-0.192414123,-0.345234123,9,0
BVR_G_09,3.17,2.24,4.33,63.5,44.8,86.6,440,427,454,8806,8540,9080,13360,2.578212903,2.66356,2.810546667,0,1250,82.021,49.2126,BVR,G,1311.080629,37125.60796,5.899377064,2190.179601,109,100,15.00000048,25.0000008,2.00000006,2,529166666.7,73383333333,4,300533,0.811853088,0,15.00000048,-0.843548645,-0.138834236,-0.032913856,11,0
BVR_G_10,3.09,2.12,4.31,61.8,42.4,86.2,316,305,328,6330,6100,6560,11820,2.590066667,2.590066667,2.810546667,0,450,91.86352,39.37008,BVR,G,1311.080629,37125.60796,7.744579408,2875.222189,109,100,12.00000038,28.0000009,3.0000001,3,185400000,1.90E+10,4,300533,0.78945232,0,12.00000038,-0.843548645,-0.192414123,-0.643337029,14,0
BVR_G_11,2.09,1.22,3.3,41.9,24.4,66,633,613,654,12664,12260,13080,8993,2.44308,2.296093333,2.44308,0,1100,98.4252,32.8084,BVR,G,1311.080629,37125.60796,3.913561684,1452.933568,109,100,10.00000032,30.00000096,2.00000006,2,307266666.7,92869333333,4,300533,0.699849248,0,10.00000032,-0.843548645,-0.406733673,-0.426939557,16,0
BVR_G_12,3.64,2.61,4.91,72.8,52.2,98.2,117,111,124,2349,2220,2480,12632,2.149106667,2.296093333,2.075613333,0,1050,104.98688,26.24672,BVR,G,1311.080629,37125.60796,3.309505849,1228.674167,109,100,8.000000256,32.00000102,2.00000006,2,509600000,1.64E+10,4,300533,0.699849248,0,8.000000256,-0.843548645,-0.406733673,-0.067658198,18,0
BVR_G_13,0.516,0.219,1.01,10.3,4.38,20.2,273,264,282,5459,5280,5640,15961,1.354042424,1.414173333,1.487666667,0,1150,111.54856,19.68504,BVR,G,1311.080629,37125.60796,2.270193954,842.8233073,109,100,6.000000192,34.00000109,2.00000007,2,78966666.67,41852333333,4,300533,0.431040032,0,6.000000192,-0.843548645,-1.049692321,-0.832329678,20,0
BVR_G_14,0.931,0.496,1.57,18.6,9.92,31.4,260,251,269,5200,5020,5380,15169,1.267186667,1.414173333,1.34068,0,950,118.11024,13.12336,BVR,G,1311.080629,37125.60796,2.720709277,1010.07986,109,100,4.000000128,36.00000115,2.00000006,2,117800000,32933333333,4,300533,0.431040032,0,4.000000128,-0.843548645,-1.049692321,-0.7633737,22,0
BVR_G_16,1.35,0.802,2.1,27,16.04,42,226,217,235,4523,4340,4700,14845,0,0,0,0,1000,124.67192,6.56168,BVR,G,1311.080629,37125.60796,0,0,109,100,0,38,1.99999885,2,1.80E+08,30153333333,4,300533,0,0,0,-0.843548645,-2.080687167,-0.652925757,24,0
BVR_GB_01,2.99,2.18,3.98,59.8,43.6,79.6,703,687,719,14054,13740,14380,16931,0,0,0,0,1000,0,0,BVR,G,1311.080629,37125.60796,0,0,109,100,0,0,0,0,398666666.7,93693333333,4,300533,0,0,0,-0.843548645,-2.080687167,-0.264641454,14,0
BVR_GB_02,2.72,1.86,3.82,54.4,37.2,76.4,663,645,681,13257,12900,13620,12980,0,0,0,0,1000,0,0,BVR,G,1311.080629,37125.60796,0,0,109,100,0,0,0,0,362666666.7,8.84E+10,4,300533,0,0,0,-0.843548645,-2.080687167,-0.328566309,14,0
BVR_GB_03,2.64,1.85,3.64,52.8,37,72.8,751,733,769,15017,14660,15380,15158,0,0,0,0,1000,0,0,BVR,G,1311.080629,37125.60796,0,0,109,100,0,0,0,0,3.52E+08,1.00E+11,4,300533,0,0,0,-0.843548645,-2.080687167,-0.347507007,14,0
BVR_P_02,2.37,1.61,3.35,47.4,32.2,67,519,505,534,10386,10100,10680,14409,0.385266667,1.193693333,1.193693333,4.2,860,16.4042,16.4042,BVR,P,1311.080629,37125.60796,5.471355358,2031.27394,109,100,5.00000016,5.00000016,5.00000016,5,271760000,59546400000,4,300533,0.363837728,1.28016,5.00000016,1.845510182,-1.210431983,-0.489988405,9,1
BVR_P_03,1.47,0.89,2.27,29.5,17.8,45.4,189,181,197,3770,3620,3940,14386,0.67924,1.34068,1.56116,5.4,800,26.24672,26.24672,BVR,P,1311.080629,37125.60796,7.897751431,2932.088234,109,100,8.000000256,8.000000256,3.000000096,3,157333333.3,20106666667,4,300533,0.408639264,1.64592,8.000000256,2.613812704,-1.103272208,-0.69317474,6,1
BVR_P_04,2,1.23,3.04,40,24.6,60.8,259,248,269,5170,4960,5380,11193,1.928626667,2.075613333,2.66356,5.4,900,36.08924,36.08924,BVR,P,1311.080629,37125.60796,13.94815771,5178.338349,109,100,11.00000035,11.00000035,3.000000094,3,2.40E+08,3.10E+10,4,300533,0.632646944,1.64592,11.00000035,2.613812704,-0.567473335,-0.546384332,3,1
BVR_P_05,2.31,1.47,3.43,46.3,29.4,68.6,375,362,388,7497,7240,7760,11193,1.928626667,2.44308,2.590066667,4.8,900,45.93176,45.93176,BVR,P,1311.080629,37125.60796,13.76776815,5111.367628,109,100,14.00000045,14.00000045,3.0000001,3,277800000,4.50E+10,4,300533,0.744650784,1.46304,14.00000045,2.229661443,-0.299573898,-0.479263235,0,1
BVR_P_06,2.13,1.42,3.05,42.7,28.4,61,518,504,532,10362,10080,10640,14904,1.928626667,2.44308,2.737053333,4.2,930,55.77428,55.77428,BVR,P,1311.080629,37125.60796,11.83172014,4392.598034,109,100,17.00000054,17.00000054,3.00000009,3,264740000,64244400000,4,300533,0.744650784,1.28016,17.00000054,1.845510182,-0.299573898,-0.502453752,3,1
BVR_P_07,2.74,1.92,3.77,54.8,38.4,75.4,514,500,528,10277,10000,10560,14626,1.928626667,2.66356,2.957533333,3.6,900,65.6168,65.6168,BVR,P,1311.080629,37125.60796,10.73421227,3985.141565,109,100,20.00000064,20.00000064,3.0000001,3,328800000,6.17E+10,4,300533,0.811853088,1.09728,20.00000064,1.461358921,-0.138834236,-0.388703024,6,1
BVR_P_08,1.62,1.02,2.42,32.4,20.4,48.4,284,274,293,5671,5480,5860,15245,2.44308,2.590066667,3.10452,3,960,75.45932,55.77428,BVR,P,1311.080629,37125.60796,9.664204707,3587.894752,109,100,17.00000054,23.00000074,3.0000001,3,207360000,36294400000,4,300533,0.78945232,0.9144,17.00000054,1.07720766,-0.192414123,-0.604342867,9,1
BVR_P_09,3.06,2.22,4.08,61.1,44.4,81.6,496,483,510,9927,9660,10200,16186,2.578212903,2.66356,2.810546667,2.4,920,82.021,49.2126,BVR,P,1311.080629,37125.60796,5.899377064,2190.179601,109,100,15.00000048,25.0000008,2.00000006,2,374746666.7,60885600000,4,300533,0.811853088,0.73152,15.00000048,0.693056399,-0.138834236,-0.307115969,11,1
BVR_P_10,2.96,2.14,3.96,59.2,42.8,79.2,489,476,502,9774,9520,10040,16318,2.590066667,2.590066667,2.810546667,2.4,830,91.86352,39.37008,BVR,P,1311.080629,37125.60796,7.744579408,2875.222189,109,100,12.00000038,28.0000009,3.0000001,3,327573333.3,54082800000,4,300533,0.78945232,0.73152,12.00000038,0.693056399,-0.192414123,-0.390881204,14,1
BVR_P_11,1.87,1.23,2.71,37.4,24.6,54.2,525,512,539,10507,10240,10780,15732,2.44308,2.296093333,2.44308,1.8,850,98.4252,32.8084,BVR,P,1311.080629,37125.60796,3.913561684,1452.933568,109,100,10.00000032,30.00000096,2.00000006,2,211933333.3,59539666667,4,300533,0.699849248,0.54864,10.00000032,0.308905138,-0.406733673,-0.596222043,16,1
BVR_P_12,3.57,2.59,4.77,71.4,51.8,95.4,650,634,667,13009,12680,13340,13861,2.149106667,2.296093333,2.075613333,1.8,950,104.98688,26.24672,BVR,P,1311.080629,37125.60796,3.309505849,1228.674167,109,100,8.000000256,32.00000102,2.00000006,2,452200000,82390333333,4,300533,0.699849248,0.54864,8.000000256,0.308905138,-0.406733673,-0.169582828,18,1
BVR_P_13,1.65,1.02,2.48,32.9,20.4,49.6,221,212,229,4411,4240,4580,14298,1.354042424,1.414173333,1.487666667,3.2,950,111.54856,19.68504,BVR,P,1311.080629,37125.60796,2.270193954,842.8233073,109,150,6.000000192,34.00000109,2.00000007,2,312550000,41904500000,4,300533,0.431040032,0.97536,6.000000192,1.20525808,-1.049692321,-0.417557993,20,1
BVR_P_14,3.16,2.28,4.25,63.2,45.6,85,764,746,782,15282,14920,15640,14903,1.267186667,1.414173333,1.34068,2.4,920,118.11024,13.12336,BVR,P,1311.080629,37125.60796,2.720709277,1010.07986,109,100,4.000000128,36.00000115,2.00000006,2,387626666.7,93729600000,4,300533,0.431040032,0.73152,4.000000128,0.693056399,-1.049692321,-0.284245076,22,1
BVR_P_15,1.17,0.654,1.89,23.3,13.08,37.8,240,231,250,4809,4620,5000,14137,0.569,0.67924,0.826226667,1.2,850,124.67192,6.56168,BVR,P,1311.080629,37125.60796,0.826903009,306.9927693,109,100,2.000000064,38.00000122,2.00000007,2,132033333.3,2.73E+10,4,300533,0.207032352,0.36576,2.000000064,-0.075246123,-1.585491194,-0.738099707,24,1
I5_G_02,4.35,3.28,5.63,86.9,65.6,112.6,257,247,266,5137,4940,5320,14372,1.78164,2.075613333,2.2226,0,1030,19.68504,19.68504,I5,G,1238.736278,35077.04743,1.728005016,606.1331391,107,100,6.000000192,6.000000192,6.000000192,6,596713333.3,35274066667,2,289371,0.632646944,0,6.000000192,-0.843548645,-0.567473335,0.087028112,8,0
I5_G_03,4.28,3.25,5.51,85.6,65,110.2,286,276,296,5724,5520,5920,15421,1.046706667,1.855133333,3.031026667,0,1095,26.24672,26.24672,I5,G,1238.736278,35077.04743,2.578351662,904.4096354,107,100,8.000000256,8.000000256,2.000000064,2,624880000,41785200000,2,289371,0.56544464,0,8.000000256,-0.843548645,-0.728212997,0.137043392,6,0
I5_G_04,3.38,2.46,4.51,67.6,49.2,90.2,277,267,287,5542,5340,5740,14635,3.031026667,3.178013333,3.251506667,0,925,32.8084,32.8084,I5,G,1238.736278,35077.04743,3.347370537,1174.158751,107,100,10.00000032,10.00000032,2.000000064,2,416866666.7,34175666667,2,289371,0.968658464,0,10.00000032,-0.843548645,0.236224975,-0.232323889,4,0
I5_G_05,5.45,4.07,7.11,109,81.4,142.2,403,389,417,8062,7780,8340,10813,1.414173333,2.2226,3.178013333,0,980,39.37008,39.37008,I5,G,1238.736278,35077.04743,3.590379188,1259.399011,107,100,12.00000038,12.00000038,2.00000006,2,712133333.3,52671733333,2,289371,0.67744848,0,12.00000038,-0.843548645,-0.46031356,0.291978299,2,0
I5_G_06,10.3,8.5,12,205,170,240,622,606,638,12438,12120,12760,15093,3.251506667,3.76596,4.059933333,0,1010,45.93176,45.93176,I5,G,1238.736278,35077.04743,7.469508336,2620.082982,107,100,14.00000045,14.00000045,2.00000007,2,1380333333,83749200000,2,289371,1.147864608,0,14.00000045,-0.843548645,0.664864074,1.478494631,0,0
I5_G_07,7.41,5.98,8.83,148,119.6,176.6,564,550,578,11286,11000,11560,16572,3.178013333,3.618973333,4.721373333,0,1075,52.49344,52.49344,I5,G,1238.736278,35077.04743,10.62432734,3726.70034,107,100,16.00000051,16.00000051,2.00000006,2,1060666667,8.09E+10,2,289371,1.103063072,0,16.00000051,-0.843548645,0.5577043,0.910865597,2,0
I5_G_08,3.27,2.42,4.3,65.4,48.4,86,266,257,275,5319,5140,5500,16937,3.178013333,4.133426667,4.64788,0,1025,59.05512,52.49344,I5,G,1238.736278,35077.04743,11.29489618,3961.91609,107,100,16.00000051,18.00000058,2.00000007,2,446900000,36346500000,2,289371,1.259868448,0,16.00000051,-0.843548645,0.932763511,-0.178993987,4,0
I5_G_09,6.31,5.04,7.77,126,100.8,155.4,476,463,489,9520,9260,9780,15519,4.4274,4.500893333,5.5298,0,920,65.6168,45.93176,I5,G,1238.736278,35077.04743,13.30660269,4667.563337,107,100,14.00000045,20.00000064,2.00000006,2,772800000,58389333333,2,289371,1.371872288,0,14.00000045,-0.843548645,1.200662948,0.399703518,6,0
I5_G_10,10.5,8.81,12.1,209,176.2,242,488,476,501,9761,9520,10020,17520,4.059933333,4.574386667,5.5298,0,1010,72.17848,39.37008,I5,G,1238.736278,35077.04743,12.65555958,4439.196636,107,100,12.00000038,22.0000007,2.00000006,2,1407266667,65724066667,2,289371,1.394273056,0,12.00000038,-0.843548645,1.254242836,1.526319893,8,0
I5_G_11,2.78,2.02,3.73,55.7,40.4,74.6,216,208,224,4317,4160,4480,17341,3.398493333,4.20692,4.64788,0,975,78.74016,32.8084,I5,G,1238.736278,35077.04743,10.68089729,3746.543408,107,100,10.00000032,24.00000077,2.00000007,2,362050000,28060500000,2,289371,1.282269216,0,10.00000032,-0.843548645,0.986343399,-0.329661318,10,0
I5_G_12,12,10.2,13.8,239,204,276,666,650,681,13312,13000,13620,16696,3.54548,4.4274,4.280413333,0,1150,85.30184,26.24672,I5,G,1238.736278,35077.04743,9.719478729,3409.306164,107,100,8.000000256,26.00000083,2.00000006,2,1832333333,1.02E+11,2,289371,1.34947152,0,8.000000256,-0.843548645,1.147083061,2.281106696,12,0
I5_G_13,4.52,3.44,5.8,90.3,68.8,116,81.7,76.7,86.8,1634,1534,1736,14874,2.44308,3.031026667,3.398493333,0,1060,91.86352,19.68504,I5,G,1238.736278,35077.04743,6.305441315,2211.762641,107,100,6.000000192,28.0000009,2.00000007,2,638120000,11546933333,2,289371,0.923856928,0,6.000000192,-0.843548645,0.129065201,0.160553533,14,0
I5_G_15,5.55,4.38,6.9,111,87.6,138,444,432,457,8882,8640,9140,15944,1.56116,2.00212,2.296093333,0,900,104.98688,6.56168,I5,G,1238.736278,35077.04743,2.810897529,985.9798595,107,100,2.000000064,32.00000102,4.00000012,4,6.66E+08,5.33E+10,2,289371,0.610246176,0,2.000000064,-0.843548645,-0.621053222,0.210059782,18,0
I5_G_16,5.94,4.8,7.24,119,96,144.8,587,573,601,11740,11460,12020,18280,0,0,0,0,980,111.54856,0,I5,G,1238.736278,35077.04743,0,0,107,100,0,34.00000109,2.00000007,2,777466666.7,76701333333,2,289371,0,0,0,-0.843548645,-2.080687167,0.407990073,20,0
I5_G_17,6.14,4.99,7.45,123,99.8,149,469,457,481,9380,9140,9620,18450,0,0,0,0,1000,118.11024,0,I5,G,1238.736278,35077.04743,0,0,107,100,0,36,1.99999891,2,8.20E+08,62533333333,2,289371,0,0,0,-0.843548645,-2.080687167,0.483516105,22,0
I5_P_02,2.19,1.5,3.05,43.7,30,61,258,249,266,5153,4980,5320,16688,1.78164,2.075613333,2.2226,1.2,670,19.68504,19.68504,I5,P,1238.736278,35077.04743,1.728005016,606.1331391,107,100,6.000000192,6.000000192,6.000000192,6,195193333.3,23016733333,2,289371,0.632646944,0.36576,6.000000192,-0.075246123,-0.567473335,-0.625947101,8,1
I5_P_03,6.5,5.27,7.91,130,105.4,158.2,274,265,283,5471,5300,5660,17069,1.046706667,1.855133333,3.031026667,2.4,750,26.24672,26.24672,I5,P,1238.736278,35077.04743,2.578351662,904.4096354,107,100,8.000000256,8.000000256,2.000000064,2,6.50E+08,2.74E+10,2,289371,0.56544464,0.73152,8.000000256,0.693056399,-0.728212997,0.181648735,6,1
I5_P_04,4.64,3.59,5.87,92.7,71.8,117.4,294,284,303,5875,5680,6060,16271,3.031026667,3.178013333,3.251506667,1.2,940,32.8084,32.8084,I5,P,1238.736278,35077.04743,3.347370537,1174.158751,107,100,10.00000032,10.00000032,2.000000064,2,580920000,36816666667,2,289371,0.968658464,0.36576,10.00000032,-0.075246123,0.236224975,0.058984042,4,1
I5_P_05,5.93,4.7,7.36,119,94,147.2,413,401,426,8268,8020,8520,15323,1.414173333,2.2226,3.178013333,2,860,39.37008,39.37008,I5,P,1238.736278,35077.04743,3.590379188,1259.399011,107,100,12.00000038,12.00000038,2.00000006,2,682266666.7,47403200000,2,289371,0.67744848,0.6096,12.00000038,0.436955558,-0.46031356,0.238944346,2,1
I5_P_07,6.97,5.66,8.47,139,113.2,169.4,468,455,480,9352,9100,9600,16083,3.178013333,3.618973333,4.721373333,3,950,52.49344,52.49344,I5,P,1238.736278,35077.04743,10.62432734,3726.70034,107,100,16.00000051,16.00000051,4.00000013,4,880333333.3,59229333333,2,289371,1.103063072,0.9144,16.00000051,1.07720766,0.5577043,0.590649426,2,1
I5_P_08,5.41,4.25,6.78,108,85,135.6,396,385,408,7929,7700,8160,15465,3.178013333,4.133426667,4.64788,3,840,59.05512,52.49344,I5,P,1238.736278,35077.04743,11.29489618,3961.91609,107,100,16.00000051,18.00000058,2.00000007,2,604800000,44402400000,2,289371,1.259868448,0.9144,16.00000051,1.07720766,0.932763511,0.101387529,4,1
I5_P_09,6.94,5.58,8.31,139,111.6,166.2,521,508,534,10424,10160,10680,16993,4.4274,4.500893333,5.5298,3,900,65.6168,45.93176,I5,P,1238.736278,35077.04743,13.30660269,4667.563337,107,100,14.00000045,20.00000064,2.00000006,2,8.34E+08,6.25E+10,2,289371,1.371872288,0.9144,14.00000045,1.07720766,1.200662948,0.508375771,6,1
I5_P_10,4.74,3.69,5.98,94.8,73.8,119.6,290,280,299,5793,5600,5980,16408,4.059933333,4.574386667,5.5298,3,950,72.17848,39.37008,I5,P,1238.736278,35077.04743,12.65555958,4439.196636,107,100,12.00000038,22.0000007,2.00000006,2,600400000,3.67E+10,2,289371,1.394273056,0.9144,12.00000038,1.07720766,1.254242836,0.093574491,8,1
I5_P_11,8.38,6.99,9.77,168,139.8,195.4,408,398,419,8164,7960,8380,19719,3.398493333,4.20692,4.64788,3,900,78.74016,32.8084,I5,P,1238.736278,35077.04743,10.68089729,3746.543408,107,100,10.00000032,24.00000077,2.00000007,2,1.01E+09,4.90E+10,2,289371,1.282269216,0.9144,10.00000032,1.07720766,0.986343399,0.817345902,10,1
I5_P_12,5.05,4.05,6.21,101,81,124.2,504,492,516,10082,9840,10320,19842,3.54548,4.4274,4.280413333,2.4,910,85.30184,26.24672,I5,P,1238.736278,35077.04743,9.719478729,3409.306164,107,100,8.000000256,26.00000083,2.00000006,2,612733333.3,61164133333,2,289371,1.34947152,0.73152,8.000000256,0.693056399,1.147083061,0.115474673,12,1
I5_P_13,3.04,2.28,3.94,60.7,45.6,78.8,293,285,302,5869,5700,6040,20167,2.44308,3.031026667,3.398493333,2.4,950,91.86352,19.68504,I5,P,1238.736278,35077.04743,6.305441315,2211.762641,107,100,6.000000192,28.0000009,2.00000007,2,384433333.3,37170333333,2,289371,0.923856928,0.73152,6.000000192,0.693056399,0.129065201,-0.289915448,14,1
I5_P_14,7.01,5.68,8.53,140,113.6,170.6,646,630,662,12918,12600,13240,15828,2.44308,2.737053333,2.957533333,1.8,940,98.4252,13.12336,I5,P,1238.736278,35077.04743,3.888284614,1363.895438,107,100,4.000000128,30.00000096,2.00000006,2,877333333.3,80952800000,2,289371,0.834253856,0.54864,4.000000128,0.308905138,-0.085254349,0.585322355,16,1
I5_P_15,5.53,4.35,6.9,111,87,138,510,497,524,10206,9940,10480,15577,1.56116,2.00212,2.296093333,1.8,950,104.98688,6.56168,I5,P,1238.736278,35077.04743,2.810897529,985.9798595,107,100,2.000000064,32.00000102,2.00000006,2,7.03E+08,6.46E+10,2,289371,0.610246176,0.54864,2.000000064,0.308905138,-0.621053222,0.275760327,18,1
KLM_G_03,9.92,8.41,11.4,198,168.2,228,0,0,0.178,0,0,3.56,19771,0,0,0,0,1030,144.35696,13.12336,KLM,G,1441.5,40818.6672,0,0,106,100,4.000000128,44.00000141,4.00000013,4,1359600000,0,1,279147,0,0,4.000000128,-0.843548645,-2.080687167,1.44167865,30,0
KLM_G_04,19.1,17.1,21.2,383,342,424,0.785,0.44,1.27,15.7,8.8,25.4,21002,1.56116,2.2226,2.737053333,0,950,131.2336,26.24672,KLM,G,1441.5,40818.6672,6.865238514,2802.298862,106,100,8.000000256,40.00000128,2.00000006,2,2425666667,99433333.33,1,279147,0.67744848,0,8.000000256,-0.843548645,-0.46031356,3.334683005,24,0
KLM_G_05,7.27,5.96,8.59,145,119.2,171.8,1.3,0.82,1.94,26,16.4,38.8,18986,2.124608889,2.2226,3.178013333,0,910,124.67192,32.8084,KLM,G,1441.5,40818.6672,6.655556589,2716.709494,106,100,10.00000032,38.00000122,2.00000007,2,879666666.7,157733333.3,1,279147,0.67744848,0,10.00000032,-0.843548645,-0.46031356,0.589465633,22,0
KLM_G_06,27.4,24.9,30,549,498,600,1.15,0.705,1.75,23,14.1,35,19471,2.810546667,2.66356,3.692466667,0,1020,118.11024,39.37008,KLM,G,1441.5,40818.6672,9.356210279,3819.080336,106,100,12.00000038,36.00000115,2.00000006,2,3733200000,156400000,1,279147,0.811853088,0,12.00000038,-0.843548645,-0.138834236,5.656457405,20,0
KLM_G_07,5.39,4.07,6.96,108,81.4,139.2,7.49,5.92,9.33,150,118.4,186.6,11815,4.1518,3.031026667,4.133426667,0,925,111.54856,45.93176,KLM,G,1441.5,40818.6672,10.7755399,4398.431771,106,100,14.00000045,34.00000109,2.00000007,2,6.66E+08,9.25E+08,1,279147,0.923856928,0,14.00000045,-0.843548645,0.129065201,0.210059782,18,0
KLM_G_08,7.91,6.55,9.27,158,131,185.4,0,0,0.182,0,0,3.64,19407,3.618973333,4.4274,4.353906667,0,820,104.98688,52.49344,KLM,G,1441.5,40818.6672,13.97888831,5705.995898,106,100,16.00000051,32.00000102,2.00000006,2,863733333.3,0,1,279147,1.34947152,0,16.00000051,-0.843548645,1.147083061,0.561172966,16,0
KLM_G_09,1.91,1.29,2.72,38.3,25.8,54.4,0.342,0.12,0.742,6.83,2.4,14.84,17227,1.487666667,2.44308,4.353906667,0,970,98.4252,59.05512,KLM,G,1441.5,40818.6672,8.423306235,3438.281339,106,100,18.00000058,30.00000096,2.00000006,2,247673333.3,44167333.33,1,279147,0.744650784,0,18.00000058,-0.843548645,-0.299573898,-0.532758868,14,0
KLM_G_10,12.3,10.6,14.1,247,212,282,0.328,0.115,0.714,6.57,2.3,14.28,17917,1.855133333,2.957533333,3.912946667,0,1000,91.86352,65.6168,KLM,G,1441.5,40818.6672,7.976945209,3256.082718,106,100,20.00000064,28.0000009,2.00000007,2,1646666667,43800000,1,279147,0.90145616,0,20.00000064,-0.843548645,0.075485313,1.951420176,12,0
KLM_G_11,6.84,5.57,8.11,137,111.4,162.2,2.15,1.51,2.95,43.1,30.2,59,19146,2.369586667,3.76596,3.76596,0,1000,85.30184,72.17848,KLM,G,1441.5,40818.6672,6.998840029,2856.833219,106,100,22.0000007,26.00000083,4.00000013,4,913333333.3,287333333.3,1,279147,1.147864608,0,22.0000007,-0.843548645,0.664864074,0.64924721,10,0
KLM_G_13,6.94,5.68,8.21,139,113.6,164.2,16,14.1,18,321,282,360,19718,1.487666667,1.34068,2.737053333,0,850,72.17848,72.17848,KLM,G,1441.5,40818.6672,3.69364364,1507.696105,106,100,22.0000007,22.0000007,2.00000006,2,787666666.7,1.82E+09,1,279147,0.408639264,0,22.0000007,-0.843548645,-1.103272208,0.426102115,6,0
KLM_G_14,8.94,7.37,10.5,179,147.4,210,58,53.9,62,1159,1078,1240,16372,1.193693333,1.78164,2.810546667,0,1025,65.6168,65.6168,KLM,G,1441.5,40818.6672,3.918235219,1599.371394,106,100,20.00000064,20.00000064,2.00000006,2,1223166667,7919833333,1,279147,0.543043872,0,20.00000064,-0.843548645,-0.781792884,1.199415288,4,0
KLM_G_15,16.8,14.8,18.8,337,296,376,140,134,146,2806,2680,2920,19283,1.928626667,2.369586667,2.66356,0,1070,59.05512,59.05512,KLM,G,1441.5,40818.6672,3.504163926,1430.353011,106,100,18.00000058,18.00000058,2.00000007,2,2403933333,20016133333,1,279147,0.722250016,0,18.00000058,-0.843548645,-0.353153785,3.296091334,2,0
KLM_G_16,6.15,4.92,7.57,123,98.4,151.4,111,105,117,2221,2100,2340,16106,1.718645714,1.928626667,1.634653333,0,940,52.49344,52.49344,KLM,G,1441.5,40818.6672,2.461587743,1004.787309,106,100,16.00000051,16.00000051,2.00000006,2,770800000,13918266667,1,279147,0.587845408,0,16.00000051,-0.843548645,-0.674633109,0.396152137,0,0
KLM_G_17,6.23,5.07,7.55,125,101.4,151,0.444,0.188,0.864,8.87,3.76,17.28,18563,1.683648889,1.78164,2.00212,0,1100,45.93176,45.93176,KLM,G,1441.5,40818.6672,2.392238946,976.480054,106,100,14.00000045,14.00000045,4.00000013,4,916666666.7,65046666.67,1,279147,0.543043872,0,14.00000045,-0.843548645,-0.781792884,0.655166178,2,0
KLM_G_19,23,20.6,25.4,459,412,508,140,134,146,2804,2680,2920,18206,0.605746667,0.89972,1.151697143,0,1040,32.8084,32.8084,KLM,G,1441.5,40818.6672,1.173797571,479.1285241,106,100,10.00000032,10.00000032,2.000000064,2,3182400000,19441066667,1,279147,0.274234656,0,10.00000032,-0.843548645,-1.424751532,4.678407127,6,0
KLM_G_20,21.4,19,23.7,427,380,474,132,126,138,2639,2520,2760,18294,0.826226667,0.89972,1.277685714,0,1300,26.24672,26.24672,KLM,G,1441.5,40818.6672,4.974865139,2030.673645,106,100,8.000000256,8.000000256,8.000000256,8,3700666667,22871333333,1,279147,0.274234656,0,8.000000256,-0.843548645,-1.424751532,5.598688277,8,0
KLM_P_03,6.92,5.64,8.21,138,112.8,164.2,0.124,0.0188,0.399,2.49,0.376,7.98,18915,0,0,0,3.6,860,144.35696,13.12336,KLM,P,1441.5,40818.6672,0,0,106,100,4.000000128,44.00000141,4.00000013,4,791200000,14276000,1,279147,0,1.09728,4.000000128,1.461358921,-2.080687167,0.432376221,28,1
KLM_P_04,12.6,10.8,14.3,251,216,286,8.03,6.63,9.43,161,132.6,188.6,18531,1.56116,2.2226,2.737053333,4.2,950,131.2336,26.24672,KLM,P,1441.5,40818.6672,6.865238514,2802.298862,106,100,8.000000256,40.00000128,2.00000006,2,1589666667,1019666667,1,279147,0.67744848,1.28016,8.000000256,1.845510182,-0.46031356,1.850205823,24,1
KLM_P_05,11.7,9.96,13.5,235,199.2,270,0,0,0.211,0,0,4.22,16711,2.124608889,2.2226,3.178013333,3.6,920,124.67192,32.8084,KLM,P,1441.5,40818.6672,6.655556589,2716.709494,106,100,10.00000032,38.00000122,2.00000007,2,1441333333,0,1,279147,0.67744848,1.09728,10.00000032,1.461358921,-0.46031356,1.586811746,22,1
KLM_P_06,6.58,5.34,8.01,132,106.8,160.2,5.46,4.33,6.77,109,86.6,135.4,16850,2.810546667,2.66356,3.692466667,4.2,960,118.11024,39.37008,KLM,P,1441.5,40818.6672,9.356210279,3819.080336,106,100,12.00000038,36.00000115,2.00000006,2,844800000,697600000,1,279147,0.811853088,1.28016,12.00000038,1.845510182,-0.138834236,0.527553227,20,1
KLM_P_07,8.97,7.36,10.6,179,147.2,212,0,0,0.225,0,0,4.5,15662,4.1518,3.031026667,4.133426667,4.2,960,111.54856,45.93176,KLM,P,1441.5,40818.6672,10.7755399,4398.431771,106,100,14.00000045,34.00000109,2.00000007,2,1145600000,0,1,279147,0.923856928,1.28016,14.00000045,1.845510182,0.129065201,1.061680902,18,1
KLM_P_08,8.88,7.35,10.4,178,147,208,2.04,1.39,2.87,40.9,27.8,57.4,17288,3.618973333,4.4274,4.353906667,4.2,940,104.98688,52.49344,KLM,P,1441.5,40818.6672,13.97888831,5705.995898,106,100,16.00000051,32.00000102,2.00000006,2,1115466667,256306666.7,1,279147,1.34947152,1.28016,16.00000051,1.845510182,1.147083061,1.008173431,16,1
KLM_P_09,1.36,0.844,2.05,27.1,16.88,41,3.19,2.36,4.2,63.8,47.2,84,17350,1.487666667,2.44308,4.353906667,4.2,960,98.4252,59.05512,KLM,P,1441.5,40818.6672,8.423306235,3438.281339,106,100,18.00000058,30.00000096,2.00000006,2,173440000,408320000,1,279147,0.744650784,1.28016,18.00000058,1.845510182,-0.299573898,-0.664574286,14,1
KLM_P_10,3.75,2.81,4.9,75.1,56.2,98,0.9,0.48,1.51,18,9.6,30.2,15691,1.855133333,2.957533333,3.912946667,3.6,930,91.86352,65.6168,KLM,P,1441.5,40818.6672,7.976945209,3256.082718,106,100,20.00000064,28.0000009,2.00000007,2,465620000,111600000,1,279147,0.90145616,1.09728,20.00000064,1.461358921,0.075485313,-0.145753062,12,1
KLM_P_11,5.38,4.3,6.63,108,86,132.6,3.56,2.7,4.59,71.3,54,91.8,18185,2.369586667,3.76596,3.76596,3,950,85.30184,72.17848,KLM,P,1441.5,40818.6672,6.998840029,2856.833219,106,100,22.0000007,26.00000083,2.00000006,2,6.84E+08,451566666.7,1,279147,1.147864608,0.9144,22.0000007,1.07720766,0.664864074,0.242022209,10,1
KLM_P_12,0.837,0.459,1.38,16.7,9.18,27.6,8.92,7.43,10.4,178,148.6,208,18273,1.928626667,2.369586667,3.471986667,3,900,78.74016,78.74016,KLM,P,1441.5,40818.6672,5.307771027,2166.561391,106,100,24.00000077,24.00000077,2.00000007,2,100200000,1.07E+09,1,279147,0.722250016,0.9144,24.00000077,1.07720766,-0.353153785,-0.794625852,8,1
KLM_P_13,2.6,1.68,3.82,52.1,33.6,76.4,82.9,76.8,89,1658,1536,1780,10406,1.487666667,1.34068,2.737053333,3,910,72.17848,72.17848,KLM,P,1441.5,40818.6672,3.69364364,1507.696105,106,100,22.0000007,22.0000007,2.00000006,2,316073333.3,10058533333,1,279147,0.408639264,0.9144,22.0000007,1.07720766,-1.103272208,-0.411301644,6,1
KLM_P_14,7.84,6.12,9.85,157,122.4,197,76.2,70.4,82.1,1524,1408,1642,10393,1.193693333,1.78164,2.810546667,1.8,950,65.6168,65.6168,KLM,P,1441.5,40818.6672,3.918235219,1599.371394,106,100,20.00000064,20.00000064,2.00000006,2,994333333.3,9.65E+09,1,279147,0.543043872,0.54864,20.00000064,0.308905138,-0.781792884,0.793078133,4,1
KLM_P_15,3.89,2.95,5.01,77.8,59,100.2,169,162,176,3387,3240,3520,16672,1.928626667,2.369586667,2.66356,1.8,950,59.05512,59.05512,KLM,P,1441.5,40818.6672,3.504163926,1430.353011,106,100,18.00000058,18.00000058,2.00000007,2,492733333.3,2.15E+10,1,279147,0.722250016,0.54864,18.00000058,0.308905138,-0.353153785,-0.097608176,2,1
KLM_P_16,9.08,7.54,10.6,182,150.8,212,122,116,128,2441,2320,2560,17437,1.718645714,1.928626667,1.634653333,1.8,950,52.49344,52.49344,KLM,P,1441.5,40818.6672,2.461587743,1004.787309,106,100,16.00000051,16.00000051,2.00000006,2,1152666667,15459666667,1,279147,0.587845408,0.54864,16.00000051,0.308905138,-0.674633109,1.074229114,0,1
KLM_P_17,2.01,1.37,2.82,40.2,27.4,56.4,59.5,55.5,63.4,1189,1110,1268,17571,1.683648889,1.78164,2.00212,1.8,860,45.93176,45.93176,KLM,P,1441.5,40818.6672,2.392238946,976.480054,106,100,14.00000045,14.00000045,2.00000007,2,230480000,6816933333,1,279147,0.543043872,0.54864,14.00000045,0.308905138,-0.781792884,-0.563288905,2,1
KLM_P_18,4.28,3.32,5.41,85.6,66.4,108.2,83,78.3,87.6,1659,1566,1752,17905,0.89972,1.34068,1.634653333,1.8,660,39.37008,39.37008,KLM,P,1441.5,40818.6672,1.543171723,629.9021299,106,100,12.00000038,12.00000038,2.00000006,2,376640000,7299600000,1,279147,0.408639264,0.54864,12.00000038,0.308905138,-1.103272208,-0.303753995,4,1
KLM_P_19,11.3,9.59,12.9,225,191.8,258,70.9,66.7,75.2,1418,1334,1504,18257,0.605746667,0.89972,1.151697143,1.8,870,32.8084,32.8084,KLM,P,1441.5,40818.6672,1.173797571,479.1285241,106,100,10.00000032,10.00000032,2.00000006,2,1.31E+09,8224400000,1,279147,0.274234656,0.54864,10.00000032,0.308905138,-1.424751532,1.344725953,6,1
KMN_G_02,5.86,4.68,7.23,117,93.6,144.6,648,633,664,12965,12660,13280,16491,2.2226,2.823909091,2.823909091,0,1090,108.26772,7.874016,KMN,G,1629.468228,46141.32593,1.773962602,818.5298661,110,100,2.400000077,33.00000106,2.00000007,2,850200000,94212333333,5,263183,0.860727491,0,2.400000077,-0.843548645,-0.021932663,0.537141955,26.6,0
KMN_G_03,0.87,0.477,1.44,17.4,9.54,28.8,97.1,92,102,1942,1840,2040,17581,2.2226,2.88404,2.810546667,0,1200,101.70604,14.435696,KMN,G,1629.468228,46141.32593,2.32273907,1071.742605,110,100,4.400000141,31.00000099,3.40000011,3.4,139200000,1.55E+10,5,263183,0.879055392,0,4.400000141,-0.843548645,0.021905426,-0.725373926,24.6,0
KMN_G_04,5.69,4.54,7.01,114,90.8,140.2,1110,1088,1132,22195,21760,22640,17003,2.810546667,3.251506667,2.44308,0,1200,90.551184,25.590552,KMN,G,1629.468228,46141.32593,4.451769972,2054.105692,110,100,7.80000025,27.60000088,2.20000007,2.2,9.12E+08,1.78E+11,5,263183,0.991059232,0,7.80000025,-0.843548645,0.289804863,0.646879623,21.2,0
KMN_G_05,1.88,1.18,2.81,37.6,23.6,56.2,311,300,322,6227,6000,6440,13152,2.957533333,3.10452,2.2226,0,950,83.333336,32.8084,KMN,G,1629.468228,46141.32593,3.57544124,1649.755996,110,100,10.00000032,25.40000081,1.60000005,1.6,238133333.3,39437666667,5,263183,0.946257696,0,10.00000032,-0.843548645,0.182645088,-0.549698954,19,0
KMN_G_06,3.89,2.9,5.09,77.8,58,101.8,896,876,916,17920,17520,18320,14840,3.325,3.76596,2.296093333,0,1020,78.083992,38.057744,KMN,G,1629.468228,46141.32593,4.003582477,1847.30604,110,100,11.60000037,23.80000076,2.80000009,2.8,529040000,1.22E+11,5,263183,1.147864608,0,11.60000037,-0.843548645,0.664864074,-0.033138776,17.4,0
KMN_G_07,4.85,3.75,6.14,97,75,122.8,932,912,953,18644,18240,19060,15560,3.251506667,3.839453333,3.471986667,0,960,68.89764,47.244096,KMN,G,1629.468228,46141.32593,8.225270241,3795.248751,110,100,14.40000046,21.00000067,2.50000008,2.5,620800000,1.19E+11,5,263183,1.170265376,0,14.40000046,-0.843548645,0.718443962,0.129798575,14.6,0
KMN_G_08,1.56,0.97,2.35,31.2,19.4,47,284,274,294,5682,5480,5880,15087,4.059933333,4.4274,3.10452,0,960,60.69554,55.446196,KMN,G,1629.468228,46141.32593,9.360029427,4318.841685,110,100,16.90000054,18.50000059,1.40000004,1.4,199680000,36364800000,5,263183,1.34947152,0,16.90000054,-0.843548645,1.147083061,-0.61798017,12.1,0
KMN_G_09,5.39,4.18,6.82,108,83.6,136.4,896,876,917,17922,17520,18340,14207,4.133426667,4.133426667,3.618973333,0,1040,56.102364,56.102364,KMN,G,1629.468228,46141.32593,5.359635544,2473.006905,110,100,17.10000055,17.10000055,1.50000005,1.5,748800000,1.24E+11,5,263183,1.259868448,0,17.10000055,-0.843548645,0.932763511,0.357086948,10.7,0
KMN_G_10,3.84,2.89,4.97,76.7,57.8,99.4,888,869,908,17765,17380,18160,16285,4.20692,4.574386667,3.325,0,900,51.181104,51.181104,KMN,G,1629.468228,46141.32593,7.322158996,3378.541247,110,100,15.6000005,15.6000005,2.00000006,2,460200000,1.07E+11,5,263183,1.394273056,0,15.6000005,-0.843548645,1.254242836,-0.155377304,9.2,0
KMN_G_11,4.5,3.45,5.74,90,69,114.8,934,914,955,18689,18280,19100,15709,4.059933333,4.4274,3.325,0,1040,44.619424,44.619424,KMN,G,1629.468228,46141.32593,9.627458839,4442.237162,110,100,13.60000044,13.60000044,1.70000006,1.7,6.24E+08,1.30E+11,5,263183,1.34947152,0,13.60000044,-0.843548645,1.147083061,0.135480785,7.2,0
KMN_G_12,2.38,1.64,3.33,47.7,32.8,66.6,387,375,398,7731,7500,7960,15308,3.839453333,4.133426667,4.500893333,0,1075,39.041996,39.041996,KMN,G,1629.468228,46141.32593,8.347382688,3851.593053,110,100,11.90000038,11.90000038,1.80000006,1.8,341850000,55405500000,5,263183,1.259868448,0,11.90000038,-0.843548645,0.932763511,-0.365530264,5.5,0
KMN_G_13,3.35,2.43,4.47,66.9,48.6,89.4,686,670,703,13725,13400,14060,14791,3.398493333,3.839453333,4.280413333,0,1275,33.136484,33.136484,KMN,G,1629.468228,46141.32593,8.488107824,3916.525496,110,100,10.10000032,10.10000032,1.500000045,1.5,568650000,1.17E+11,5,263183,1.170265376,0,10.10000032,-0.843548645,0.718443962,0.037196321,3.7,0
KMN_G_14,2.13,1.46,2.97,42.5,29.2,59.4,431,420,443,8625,8400,8860,17162,2.516573333,3.618973333,4.574386667,0,1040,28.215224,28.215224,KMN,G,1629.468228,46141.32593,7.432325289,3429.373436,110,100,8.600000275,8.600000275,2.20000007,2.2,294666666.7,5.98E+10,5,263183,1.103063072,0,8.600000275,-0.843548645,0.5577043,-0.449313257,2.2,0
KMN_G_15,1.77,1.17,2.54,35.4,23.4,50.8,488,476,501,9761,9520,10020,17296,2.44308,3.178013333,4.20692,0,1000,20.997376,20.997376,KMN,G,1629.468228,46141.32593,10.69870327,4936.523546,110,100,6.400000205,6.400000205,2.400000077,2.4,2.36E+08,65073333333,5,263183,0.968658464,0,6.400000205,-0.843548645,0.236224975,-0.553487094,0,0
KMN_G_16,0.745,0.355,1.35,14.9,7.1,27,448,435,461,8964,8700,9220,14211,2.369586667,2.590066667,2.369586667,0,1100,13.12336,13.12336,KMN,G,1629.468228,46141.32593,9.011432524,4157.994452,110,100,4.000000128,4.000000128,2.000000064,2,109266666.7,6.57E+10,5,263183,0.78945232,0,4.000000128,-0.843548645,-0.192414123,-0.778526258,2.4,0
KMN_G_17,4.64,3.58,5.89,92.8,71.6,117.8,887,868,907,17743,17360,18140,16000,0,0,0,0,1220,6.56168,6.56168,KMN,G,1629.468228,46141.32593,0,0,110,100,2.000000064,2.000000064,2.000000064,2,754773333.3,1.44E+11,5,263183,0,0,2.000000064,-0.843548645,-2.080687167,0.367693739,4.4,0
KMN_P_02,2.67,1.88,3.66,53.5,37.6,73.2,657,641,673,13136,12820,13460,15416,2.2226,2.823909091,2.823909091,0.7,800,108.26772,7.874016,KMN,P,1629.468228,46141.32593,1.773962602,818.5298661,110,100,2.400000077,33.00000106,2.00000007,2,285333333.3,70058666667,5,263183,0.860727491,0.21336,2.400000077,-0.395372174,-0.021932663,-0.465886367,26.6,1
KMN_P_03,2.6,1.84,3.55,52,36.8,71,618,603,633,12353,12060,12660,16308,2.2226,2.88404,2.810546667,1.2,810,101.70604,14.435696,KMN,P,1629.468228,46141.32593,2.32273907,1071.742605,110,100,4.400000141,31.00000099,3.40000011,3.4,280800000,66706200000,5,263183,0.879055392,0.36576,4.400000141,-0.075246123,0.021905426,-0.473936164,24.6,1
KMN_P_04,3.27,2.4,4.34,65.5,48,86.8,900,880,920,17998,17600,18400,15837,2.810546667,3.251506667,2.44308,1.2,875,90.551184,25.590552,KMN,P,1629.468228,46141.32593,4.451769972,2054.105692,110,100,7.80000025,27.60000088,2.20000007,2.2,382083333.3,1.05E+11,5,263183,0.991059232,0.36576,7.80000025,-0.075246123,0.289804863,-0.29408832,21.2,1
KMN_P_05,1.58,0.993,2.35,31.5,19.86,47,858,840,878,17170,16800,17560,15681,2.957533333,3.10452,2.2226,1.8,860,83.333336,32.8084,KMN,P,1629.468228,46141.32593,3.57544124,1649.755996,110,100,10.00000032,25.40000081,1.60000005,1.6,180600000,98441333333,5,263183,0.946257696,0.54864,10.00000032,0.308905138,0.182645088,-0.651860343,19,1
KMN_P_06,1.05,0.588,1.7,20.9,11.76,34,493,480,507,9866,9600,10140,15735,3.325,3.76596,2.296093333,1.8,825,78.083992,38.057744,KMN,P,1629.468228,46141.32593,4.003582477,1847.30604,110,100,11.60000037,23.80000076,2.80000009,2.8,114950000,5.43E+10,5,263183,1.147864608,0.54864,11.60000037,0.308905138,0.664864074,-0.768434418,17.4,1
KMN_P_07,1.45,0.889,2.21,29,17.78,44.2,233,224,241,4656,4480,4820,15436,3.251506667,3.839453333,3.471986667,2.4,835,68.89764,47.244096,KMN,P,1629.468228,46141.32593,8.225270241,3795.248751,110,100,14.40000046,21.00000067,2.50000008,2.5,161433333.3,25918400000,5,263183,1.170265376,0.73152,14.40000046,0.693056399,0.718443962,-0.685894409,14.6,1
KMN_P_08,1.44,0.881,2.19,28.7,17.62,43.8,367,356,378,7332,7120,7560,15582,4.059933333,4.4274,3.10452,2.4,840,60.69554,55.446196,KMN,P,1629.468228,46141.32593,9.360029427,4318.841685,110,100,16.90000054,18.50000059,1.40000004,1.4,160720000,41059200000,5,263183,1.34947152,0.73152,16.90000054,0.693056399,1.147083061,-0.687161068,12.1,1
KMN_P_09,1.53,0.941,2.34,30.7,18.82,46.8,374,362,385,7474,7240,7700,14577,4.133426667,4.133426667,3.618973333,3,840,56.102364,56.102364,KMN,P,1629.468228,46141.32593,5.359635544,2473.006905,110,100,17.10000055,17.10000055,1.50000005,1.5,171920000,41854400000,5,263183,1.259868448,0.9144,17.10000055,1.07720766,0.932763511,-0.667273335,10.7,1
KMN_P_10,1.68,1.03,2.55,33.5,20.6,51,423,410,436,8451,8200,8720,13342,4.20692,4.574386667,3.325,3,900,51.181104,51.181104,KMN,P,1629.468228,46141.32593,7.322158996,3378.541247,110,100,15.6000005,15.6000005,2.00000006,2,2.01E+08,5.07E+10,5,263183,1.394273056,0.9144,15.6000005,1.07720766,1.254242836,-0.615636258,9.2,1
KMN_P_11,0.849,0.423,1.5,17,8.46,30,447,434,460,8939,8680,9200,13858,4.059933333,4.4274,3.325,3,780,44.619424,44.619424,KMN,P,1629.468228,46141.32593,9.627458839,4442.237162,110,100,13.60000044,13.60000044,1.70000006,1.7,88400000,46482800000,5,263183,1.34947152,0.9144,13.60000044,1.07720766,1.147083061,-0.815578998,7.2,1
KMN_P_12,1.6,0.951,2.49,32,19.02,49.8,385,372,398,7695,7440,7960,12526,3.839453333,4.133426667,4.500893333,3.6,800,39.041996,39.041996,KMN,P,1629.468228,46141.32593,8.347382688,3851.593053,110,100,11.90000038,11.90000038,1.80000006,1.8,170666666.7,4.10E+10,5,263183,1.259868448,1.09728,11.90000038,1.461358921,0.932763511,-0.669498867,5.5,1
KMN_P_13,2.15,1.43,3.1,43.1,28.6,62,951,929,973,19015,18580,19460,14212,3.398493333,3.839453333,4.280413333,3.6,1250,33.136484,33.136484,KMN,P,1629.468228,46141.32593,8.488107824,3916.525496,110,100,10.10000032,10.10000032,1.500000045,1.5,359166666.7,1.58E+11,5,263183,1.170265376,1.09728,10.10000032,1.461358921,0.718443962,-0.334781225,3.7,1
KMN_P_14,1.11,0.623,1.8,22.2,12.46,36,594,578,609,11870,11560,12180,14839,2.516573333,3.618973333,4.574386667,4.2,800,28.215224,28.215224,KMN,P,1629.468228,46141.32593,7.432325289,3429.373436,110,100,8.600000275,8.600000275,2.20000007,2.2,118400000,63306666667,5,263183,1.103063072,1.28016,8.600000275,1.845510182,0.5577043,-0.762308286,2.2,1
KMN_P_15,1.24,0.697,2.02,24.8,13.94,40.4,599,583,615,11979,11660,12300,13267,2.44308,3.178013333,4.20692,4.8,770,20.997376,20.997376,KMN,P,1629.468228,46141.32593,10.69870327,4936.523546,110,100,6.400000205,6.400000205,2.400000077,2.4,127306666.7,61492200000,5,263183,0.968658464,1.46304,6.400000205,2.229661443,0.236224975,-0.746492804,0,1
KMN_P_16,1.26,0.688,2.07,25.1,13.76,41.4,734,715,753,14676,14300,15060,12184,2.369586667,2.590066667,2.369586667,4.2,810,13.12336,13.12336,KMN,P,1629.468228,46141.32593,9.011432524,4157.994452,110,100,4.000000128,4.000000128,2.000000064,2,135540000,79250400000,5,263183,0.78945232,1.28016,4.000000128,1.845510182,-0.192414123,-0.731872952,2.4,1
SV_G_01,2.19,1.46,3.13,43.8,29.2,62.6,462.32,449.11,475.67,9246.4,8982.2,9513.4,14516,1.1202,1.193693333,1.267186667,0,1250,6.56168,6.56168,SV,G,2358.010072,66771.29961,2.369946309,1582.443951,112,100,2.000000064,2.000000064,2.000000064,2,3.65E+08,77053333333,6,238130,0.363837728,0,2.000000064,-0.843548645,-1.210431983,-0.324423031,27.1,0
SV_G_02,1.51,0.94,2.27,30.2,18.8,45.4,489.07,475.89,502.39,9781.3,9517.8,10047.8,15606,1.193693333,1.487666667,1.855133333,0,1150,19.356956,19.356956,SV,G,2358.010072,66771.29961,1.194402649,797.5181713,112,100,5.900000189,5.900000189,5.900000189,5.9,231533333.3,74989966667,6,238130,0.4534408,0,5.900000189,-0.843548645,-0.996112433,-0.561418511,23.2,0
SV_G_03,1.71,1.08,2.55,34.2,21.6,51,536.67,522.18,551.34,10733.5,10443.6,11026.8,14461,1.34068,1.487666667,1.708146667,0,1240,24.278216,24.278216,SV,G,2358.010072,66771.29961,2.173564747,1451.317429,112,100,7.400000237,7.400000237,1.500000048,1.5,282720000,88730266667,6,238130,0.4534408,0,7.400000237,-0.843548645,-0.996112433,-0.470526838,21.7,0
SV_G_04,0.61,0.29,1.11,12.2,5.8,22.2,348.21,337.97,358.55,6964.3,6759.4,7171,17303,1.267186667,2.00212,2.44308,0,670,30.183728,30.183728,SV,G,2358.010072,66771.29961,2.601745226,1737.2191,112,100,9.200000294,9.200000294,1.800000057,1.8,54493333.33,31107206667,6,238130,0.610246176,0,9.200000294,-0.843548645,-0.621053222,-0.875786741,19.9,0
SV_G_05,0.65,0.31,1.19,13.1,6.2,23.8,460.48,448,473.1,9209.6,8960,9462,16178,1.56116,2.075613333,2.66356,0,900,36.417324,36.417324,SV,G,2358.010072,66771.29961,2.917671107,1948.166916,112,100,11.10000036,11.10000036,1.900000066,1.9,78600000,55257600000,6,238130,0.632646944,0,11.10000036,-0.843548645,-0.567473335,-0.832980764,18,0
SV_G_06,1.01,0.55,1.67,20.2,11,33.4,530.5,516.45,544.71,10609.9,10329,10894.2,15167,2.590066667,2.810546667,2.88404,0,780,41.0105,41.0105,SV,G,2358.010072,66771.29961,5.204718373,3475.258099,112,100,12.5000004,12.5000004,1.40000004,1.4,105040000,55171480000,6,238130,0.856654624,0,12.5000004,-0.843548645,-0.031674461,-0.78603151,16.6,0
SV_G_07,0.893691659,0.476,1.504,17.9,9.52,30.08,317,307,327,6345,6140,6540,15803,2.88404,3.178013333,3.839453333,0,850,48.228348,48.228348,SV,G,2358.010072,66771.29961,6.477865409,4325.354921,112,100,14.70000047,14.70000047,2.20000007,2.2,101433333.3,3.60E+10,6,238130,0.968658464,0,14.70000047,-0.843548645,0.236224975,-0.792435833,14.4,0
SV_G_08,0.707131684,0.337,1.281,14.1,6.74,25.62,274,264,283,5470,5280,5660,14978,2.88404,3.54548,4.133426667,0,900,55.446196,55.446196,SV,G,2358.010072,66771.29961,6.116966759,4084.378202,112,100,16.90000054,16.90000054,2.20000007,2.2,84600000,3.28E+10,6,238130,1.080662304,0,16.90000054,-0.843548645,0.504124412,-0.822326622,12.2,0
SV_G_09,1.69,1.05,2.54,33.8,21,50.8,483.78,469.94,497.79,9675.7,9398.8,9955.8,13949,2.66356,3.325,4.86836,0,900,62.007876,62.007876,SV,G,2358.010072,66771.29961,9.324085395,6225.812995,112,100,18.9000006,18.9000006,2.00000006,2,202800000,58054200000,6,238130,1.01346,0,18.9000006,-0.843548645,0.34338475,-0.612440016,10.2,0
SV_G_10,0.925924063,0.478,1.592,18.5,9.56,31.84,367,355,379,7336,7100,7580,13982,3.839453333,4.941853333,5.382813333,0,830,69.553808,66.601052,SV,G,2358.010072,66771.29961,7.364083739,4917.094417,112,100,20.30000065,21.20000068,2.30000008,2.3,102366666.7,40592533333,6,238130,1.506276896,0,20.30000065,-0.843548645,1.522142272,-0.790778522,7.9,0
SV_G_11,0.177446544,0.027,0.568,3.5,0.54,11.36,317,306,329,6349,6120,6580,13261,3.76596,5.08884,5.823773333,0,740,75.131236,61.023624,SV,G,2358.010072,66771.29961,8.839971072,5902.56357,112,100,18.6000006,22.90000073,1.70000005,1.7,17266666.67,31321733333,6,238130,1.551078432,0,18.6000006,-0.843548645,1.629302047,-0.941889776,6.2,0
SV_G_12,1,0.52,1.72,20,10.4,34.4,769.54,750.22,789.19,15390.8,15004.4,15783.8,12937,3.912946667,4.794866667,5.75028,0,1010,82.349084,53.805776,SV,G,2358.010072,66771.29961,7.749110624,5174.181872,112,100,16.40000052,25.1000008,2.20000007,2.2,134666666.7,1.04E+11,6,238130,1.46147536,0,16.40000052,-0.843548645,1.414982498,-0.733423722,4,0
SV_G_13,0.96287322,0.513,1.621,19.3,10.26,32.42,399,387,411,7971,7740,8220,14668,4.059933333,5.30932,6.338226667,0,950,88.910764,47.244096,SV,G,2358.010072,66771.29961,7.131534322,4761.818149,112,100,14.40000046,27.10000087,2.00000007,2,122233333.3,5.05E+10,6,238130,1.618280736,0,14.40000046,-0.843548645,1.790041709,-0.755501473,2,0
SV_G_14,1.69,1.03,2.57,33.7,20.6,51.4,340,329,352,6806,6580,7040,13273,4.133426667,5.162333333,6.044253333,0,950,95.472444,40.682416,SV,G,2358.010072,66771.29961,9.413625305,6285.599957,112,100,12.4000004,29.10000093,2.00000006,2,213433333.3,43104666667,6,238130,1.5734792,0,12.4000004,-0.843548645,1.682881934,-0.593558508,0,0
SV_G_15,2.62,1.84,3.59,52.4,36.8,71.8,370,359,381,7404,7180,7620,15728,4.133426667,5.162333333,6.044253333,0,900,102.690292,33.464568,SV,G,2358.010072,66771.29961,9.149604391,6109.309761,112,100,10.20000033,31.300001,2.20000007,2.2,314400000,4.44E+10,6,238130,1.5734792,0,10.20000033,-0.843548645,1.682881934,-0.414272966,2.2,0
SV_G_16,2.29,1.56,3.22,45.8,31.2,64.4,292,282,302,5845,5640,6040,15411,3.912946667,4.574386667,6.926173333,0,900,111.876644,24.278216,SV,G,2358.010072,66771.29961,7.160901286,4781.426852,112,100,7.400000237,34.10000109,2.80000009,2.8,274800000,3.51E+10,6,238130,1.394273056,0,7.400000237,-0.843548645,1.254242836,-0.484590306,5,0
SV_G_17,1.73,1.11,2.54,34.5,22.2,50.8,331,321,342,6623,6420,6840,15684,3.471986667,3.618973333,4.4274,0,870,123.0315,13.12336,SV,G,2358.010072,66771.29961,4.212294874,2812.604031,112,100,4.000000128,37.5000012,3.40000011,3.4,200100000,38413400000,6,238130,1.103063072,0,4.000000128,-0.843548645,0.5577043,-0.61723438,8.4,0
SV_G_18,0.25,0.06,0.65,4.9,1.2,13,608.47,592.75,624.41,12169.4,11855,12488.2,14373,3.471986667,3.618973333,4.4274,0,850,136.15486,0,SV,G,2358.010072,66771.29961,4.212294874,2812.604031,112,100,0,41.50000133,4.00000013,4,27766666.67,68959933333,6,238130,1.103063072,0,0,-0.843548645,0.5577043,-0.923245027,12.4,0
SV_P_01,6.2,5.03,7.55,124,100.6,151,305,296,315,6106,5920,6300,17871,1.1202,1.193693333,1.267186667,1.2,930,6.56168,6.56168,SV,P,2358.010072,66771.29961,0.597908413,399.2312178,112,100,2.000000064,2.000000064,2.000000064,2,768800000,37857200000,6,238130,0.363837728,0.36576,2.000000064,-0.075246123,-1.210431983,0.392600756,27.1,1
SV_P_02,3.51,2.64,4.54,70.1,52.8,90.8,323,313,333,6458,6260,6660,17810,1.193693333,1.487666667,1.855133333,1.8,910,19.356956,19.356956,SV,P,2358.010072,66771.29961,2.369946309,1582.443951,112,100,5.900000189,5.900000189,3.900000125,3.9,425273333.3,39178533333,6,238130,0.4534408,0.54864,5.900000189,0.308905138,-0.996112433,-0.217396251,23.2,1
SV_P_03,1.37,0.829,2.11,27.4,16.58,42.2,315,305,326,6304,6100,6520,15453,1.34068,1.487666667,1.708146667,2.4,840,24.278216,24.278216,SV,P,2358.010072,66771.29961,1.194402649,797.5181713,112,100,7.400000237,7.400000237,1.500000048,1.5,153440000,35302400000,6,238130,0.4534408,0.73152,7.400000237,0.693056399,-0.996112433,-0.700088094,21.7,1
SV_P_04,1.34,0.77,2.15,26.9,15.4,43,549.14,533.72,564.76,10982.7,10674.4,11295.2,13135,1.267186667,2.00212,2.44308,3,930,30.183728,30.183728,SV,P,2358.010072,66771.29961,2.173564747,1451.317429,112,100,9.200000294,9.200000294,1.800000057,1.8,166780000,68092740000,6,238130,0.610246176,0.9144,9.200000294,1.07720766,-0.621053222,-0.676400384,19.9,1
SV_P_05,2.8,2.01,3.78,56,40.2,75.6,278,269,287,5561,5380,5740,16395,1.56116,2.075613333,2.66356,3,930,36.417324,36.417324,SV,P,2358.010072,66771.29961,2.601745226,1737.2191,112,100,11.10000036,11.10000036,1.900000066,1.9,347200000,34478200000,6,238130,0.632646944,0.9144,11.10000036,1.07720766,-0.567473335,-0.35603032,18,1
SV_P_06,1.39,0.839,2.14,27.8,16.78,42.8,325,314,335,6494,6280,6700,15267,2.590066667,2.810546667,2.88404,3,900,41.0105,41.0105,SV,P,2358.010072,66771.29961,2.917671107,1948.166916,112,100,12.5000004,12.5000004,1.40000004,1.4,166800000,3.90E+10,6,238130,0.856654624,0.9144,12.5000004,1.07720766,-0.031674461,-0.67636487,16.6,1
SV_P_07,3.72,2.79,4.82,74.3,55.8,96.4,322,312,332,6436,6240,6640,16489,2.88404,3.178013333,3.839453333,3,950,48.228348,48.228348,SV,P,2358.010072,66771.29961,5.204718373,3475.258099,112,100,14.70000047,14.70000047,2.20000007,2.2,470566666.7,40761333333,6,238130,0.968658464,0.9144,14.70000047,1.07720766,0.236224975,-0.136969314,14.4,1
SV_P_08,0.53,0.19,1.15,10.6,3.8,23,555.04,538.19,572.14,11100.8,10763.8,11442.8,11127,2.88404,3.54548,4.133426667,3.6,880,55.446196,55.446196,SV,P,2358.010072,66771.29961,6.477865409,4325.354921,112,100,16.90000054,16.90000054,2.20000007,2.2,62186666.67,65124693333,6,238130,1.080662304,1.09728,16.90000054,1.461358921,0.504124412,-0.862125763,12.2,1
SV_P_09,1.27,0.68,2.14,25.4,13.6,42.8,1015.74,990.43,1041.61,20314.9,19808.6,20832.2,11135,2.66356,3.325,4.86836,3.6,950,62.007876,62.007876,SV,P,2358.010072,66771.29961,6.116966759,4084.378202,112,100,18.9000006,18.9000006,2.00000006,2,160866666.7,1.29E+11,6,238130,1.01346,1.09728,18.9000006,1.461358921,0.34338475,-0.686900633,10.2,1
SV_P_10,1.45,0.889,2.21,29,17.78,44.2,349,338,360,6984,6760,7200,15427,3.839453333,4.941853333,5.382813333,3.6,900,69.553808,66.601052,SV,P,2358.010072,66771.29961,9.324085395,6225.812995,112,100,20.30000065,21.20000068,2.30000008,2.3,1.74E+08,4.19E+10,6,238130,1.506276896,1.09728,20.30000065,1.461358921,1.522142272,-0.663579899,7.9,1
SV_P_11,1.5,0.977,2.19,30.1,19.54,43.8,325,316,335,6501,6320,6700,18793,3.76596,5.08884,5.823773333,3.6,890,75.131236,61.023624,SV,P,2358.010072,66771.29961,7.364083739,4917.094417,112,100,18.6000006,22.90000073,1.70000005,1.7,178593333.3,38572600000,6,238130,1.551078432,1.09728,18.6000006,1.461358921,1.629302047,-0.655423561,6.2,1
SV_P_12,0.79,0.38,1.43,15.8,7.6,28.6,709.62,691.67,727.85,14192.4,13833.4,14557,13448,3.912946667,4.794866667,5.75028,3.6,910,82.349084,53.805776,SV,P,2358.010072,66771.29961,8.839971072,5902.56357,112,100,16.40000052,25.1000008,2.20000007,2.2,95853333.33,86100560000,6,238130,1.46147536,1.09728,16.40000052,1.461358921,1.414982498,-0.802344186,4,1
SV_P_13,0.617,0.279,1.16,12.3,5.58,23.2,420,407,432,8392,8140,8640,15264,4.059933333,5.30932,6.338226667,3,930,88.910764,47.244096,SV,P,2358.010072,66771.29961,7.749110624,5174.181872,112,100,14.40000046,27.10000087,2.00000007,2,76260000,52030400000,6,238130,1.618280736,0.9144,14.40000046,1.07720766,1.790041709,-0.83713588,2,1
SV_P_14,1.22,0.647,2.05,24.3,12.94,41,332,320,344,6634,6400,6880,11624,4.133426667,5.162333333,6.044253333,3,860,95.472444,40.682416,SV,P,2358.010072,66771.29961,7.131534322,4761.818149,112,100,12.4000004,29.10000093,2.00000006,2,139320000,38034933333,6,238130,1.5734792,0.9144,12.4000004,1.07720766,1.682881934,-0.725160843,0,1
SV_P_15,2.41,1.7,3.31,48.3,34,66.2,570.75,556.88,584.77,11414.9,11137.6,11695.4,17074,4.133426667,5.162333333,6.044253333,3.6,840,102.690292,33.464568,SV,P,2358.010072,66771.29961,9.413625305,6285.599957,112,100,10.20000033,31.300001,2.20000007,2.2,270480000,63923440000,6,238130,1.5734792,1.09728,10.20000033,1.461358921,1.682881934,-0.492261289,2.2,1
SV_P_16,1.09,0.63,1.71,21.7,12.6,34.2,569.33,555.6,583.22,11386.6,11112,11664.4,17352,3.912946667,4.574386667,6.926173333,3,900,111.876644,24.278216,SV,P,2358.010072,66771.29961,9.149604391,6109.309761,112,100,7.400000237,34.10000109,2.80000009,2.8,130200000,68319600000,6,238130,1.394273056,0.9144,7.400000237,1.07720766,1.254242836,-0.741355139,5,1
SV_P_17,1.71,1.1,2.51,34.1,22,50.2,356,345,367,7123,6900,7340,15865,3.471986667,3.618973333,4.4274,2.4,850,123.0315,13.12336,SV,P,2358.010072,66771.29961,7.160901286,4781.426852,112,100,4.000000128,37.5000012,3.40000011,3.4,193233333.3,40363666667,6,238130,1.103063072,0.73152,4.000000128,0.693056399,0.5577043,-0.629427454,8.4,1
TOH_G_02,1.28,0.762,2,25.6,15.24,40,92.1,86.9,97.4,1842,1738,1948,15617,0,0,0,0,1040,6.56168,6.56168,TOH,G,1298.397972,36766.4757,0,0,108,100,2.000000064,2.000000064,2.000000064,2,177493333.3,12771200000,3,212602,0,0,2.000000064,-0.843548645,-2.080687167,-0.657376821,20,0
TOH_G_03,2.46,1.72,3.38,49.1,34.4,67.6,178,171,186,3565,3420,3720,16297,2.590066667,2.7049,2.590066667,0,950,13.12336,13.12336,TOH,G,1298.397972,36766.4757,1.605542104,590.3012475,108,100,4.000000128,4.000000128,2.000000064,2,310966666.7,22578333333,3,212602,0.82445352,0,4.000000128,-0.843548645,-0.108695549,-0.420369503,18,0
TOH_G_04,3.08,2.25,4.08,61.6,45,81.6,145,139,152,2905,2780,3040,16834,3.041525714,4.059933333,2.810546667,0,975,19.68504,19.68504,TOH,G,1298.397972,36766.4757,3.000909033,1103.32849,108,100,6.000000192,6.000000192,2.000000064,2,400400000,18882500000,3,212602,1.23746768,0,6.000000192,-0.843548645,0.879183624,-0.261563591,16,0
TOH_G_05,4.62,3.53,5.92,92.4,70.6,118.4,256,247,266,5126,4940,5320,14798,3.031026667,3.178013333,3.692466667,0,1240,26.24672,26.24672,TOH,G,1298.397972,36766.4757,3.965977765,1458.150251,108,100,8.000000256,8.000000256,2.000000064,2,763840000,42374933333,3,212602,0.968658464,0,8.000000256,-0.843548645,0.236224975,0.383793332,14,0
TOH_G_06,3.25,2.31,4.42,65,46.2,88.4,139,132,146,2782,2640,2920,13417,2.516573333,2.957533333,4.574386667,0,1000,32.8084,32.8084,TOH,G,1298.397972,36766.4757,4.929616355,1812.446199,108,100,10.00000032,10.00000032,2.000000064,2,433333333.3,18546666667,3,212602,0.90145616,0,10.00000032,-0.843548645,0.075485313,-0.203084187,12,0
TOH_G_07,4.25,3.2,5.52,85.1,64,110.4,367,356,379,7347,7120,7580,14404,2.2226,2.957533333,5.08884,0,1025,39.37008,39.37008,TOH,G,1298.397972,36766.4757,5.848714559,2150.366217,108,100,12.00000038,12.00000038,2.00000006,2,581516666.7,50204500000,3,212602,0.90145616,0,12.00000038,-0.843548645,0.075485313,0.060043537,10,0
TOH_G_08,5.06,3.95,6.35,101,79,127,483,470,496,9664,9400,9920,16089,2.957533333,3.618973333,3.98644,0,950,45.93176,45.93176,TOH,G,1298.397972,36766.4757,6.271194963,2305.697372,108,100,14.00000045,14.00000045,2.00000007,2,639666666.7,61205333333,3,212602,1.103063072,0,14.00000045,-0.843548645,0.5577043,0.163299934,8,0
TOH_G_09,4.52,3.47,5.76,90.4,69.4,115.2,473,460,486,9455,9200,9720,15654,2.957533333,3.76596,4.679377143,0,1020,52.49344,52.49344,TOH,G,1298.397972,36766.4757,7.665832333,2818.456382,108,100,16.00000051,16.00000051,2.00000006,2,614720000,6.43E+10,3,212602,1.147864608,0,16.00000051,-0.843548645,0.664864074,0.119002378,6,0
TOH_G_10,3.54,2.68,4.57,70.8,53.6,91.4,620,606,634,12396,12120,12680,17972,2.737053333,4.280413333,4.64788,0,1075,59.05512,59.05512,TOH,G,1298.397972,36766.4757,7.454082143,2740.6033,108,100,18.00000058,18.00000058,2.00000007,2,507400000,8.88E+10,3,212602,1.304669984,0,18.00000058,-0.843548645,1.039923286,-0.071564717,4,0
TOH_G_11,3.31,2.38,4.44,66.1,47.6,88.8,450,437,463,8993,8740,9260,14255,3.031026667,3.912946667,4.794866667,0,1050,65.6168,52.49344,TOH,G,1298.397972,36766.4757,9.491883174,3489.830921,108,100,16.00000051,20.00000064,2.00000006,2,462700000,6.30E+10,3,212602,1.192666144,0,16.00000051,-0.843548645,0.772023849,-0.150938078,2,0
TOH_G_12,7.3,5.9,8.9,146,118,178,880,860,900,17605,17200,18000,14877,4.353906667,5.823773333,5.382813333,0,1050,72.17848,45.93176,TOH,G,1298.397972,36766.4757,13.50863891,4966.650442,108,100,14.00000045,22.0000007,2.00000006,2,1.02E+09,1.23E+11,3,212602,1.775086112,0,14.00000045,-0.843548645,2.16510092,0.842205568,0,0
TOH_G_13,0.65,0.3,1.22,13.1,6,24.4,127.54,121.05,134.06,2550.7,2421,2681.2,14396,2.296093333,3.325,4.280413333,0,1100,78.74016,39.37008,TOH,G,1298.397972,36766.4757,8.522412643,3133.390773,108,100,12.00000038,24.00000077,2.00000007,2,96066666.67,18705133333,3,212602,1.01346,0,12.00000038,-0.843548645,0.34338475,-0.801965372,2,0
TOH_G_14,1.86,1.2,2.73,37.1,24,54.6,1206.53,1181.27,1232.36,24130.7,23625.4,24647.2,14579,3.692466667,4.20692,4.679377143,0,1040,85.30184,32.8084,TOH,G,1298.397972,36766.4757,11.45196534,4210.484054,108,100,10.00000032,26.00000083,2.00000006,2,257226666.7,1.67E+11,3,212602,1.282269216,0,10.00000032,-0.843548645,0.986343399,-0.515795106,4,0
TOH_G_15,3.31,2.36,4.48,66.1,47.2,89.6,670.75,653.51,688.25,13415,13070.2,13765,13545,2.66356,3.419491429,4.941853333,0,1000,91.86352,26.24672,TOH,G,1298.397972,36766.4757,10.21961761,3757.393225,108,100,8.000000256,28.0000009,2.00000007,2,440666666.7,89433333333,3,212602,1.042260988,0,8.000000256,-0.843548645,0.412273177,-0.190062457,6,0
TOH_G_16,4.39,3.35,5.62,87.8,67,112.4,782,764,800,15636,15280,16000,15570,2.159605714,3.573929032,3.10452,0,940,98.4252,19.68504,TOH,G,1298.397972,36766.4757,4.547643628,1672.008289,108,100,6.000000192,30.00000096,2.00000006,2,550213333.3,97985600000,3,212602,1.089333569,0,6.000000192,-0.843548645,0.524865014,0.004458508,8,0
TOH_G_17,6.32,5,7.86,126,100,157.2,1198,1173,1224,23966,23460,24480,14184,0.45876,0.67924,0.973213333,0,1100,104.98688,13.12336,TOH,G,1298.397972,36766.4757,1.51596944,557.3685358,108,100,4.000000128,32.00000102,2.00000006,2,9.24E+08,1.76E+11,3,212602,0.207032352,0,4.000000128,-0.843548645,-1.585491194,0.668187907,10,0
TOH_G_18,7.2,5.7,8.95,144,114,179,1837,1798,1878,36746,35960,37560,12451,0,0,0,0,1050,111.54856,6.56168,TOH,G,1298.397972,36766.4757,0,0,108,100,2.000000064,34.00000109,2.00000007,2,1.01E+09,2.57E+11,3,212602,0,0,2.000000064,-0.843548645,-2.080687167,0.817345902,12,0
TOH_G_19,4.67,3.55,6.01,93.4,71,120.2,748,730,766,14957,14600,15320,14134,0,0,0,0,850,118.11024,0,TOH,G,1298.397972,36766.4757,0,0,108,100,0,36.00000115,2.00000006,2,529266666.7,84756333333,3,212602,0,0,0,-0.843548645,-2.080687167,-0.032736287,14,0
TOH_P_03,4.26,3.22,5.51,85.3,64.4,110.2,178,171,186,3566,3420,3720,14924,2.590066667,2.7049,2.590066667,0.7,900,13.12336,13.12336,TOH,P,1298.397972,36766.4757,1.605542104,590.3012475,108,100,4.000000128,4.000000128,4.000000128,4,511800000,2.14E+10,3,212602,0.82445352,0.21336,4.000000128,-0.395372174,-0.108695549,-0.063751679,18,1
TOH_P_04,5.23,3.96,6.74,105,79.2,134.8,281,270,292,5618,5400,5840,12411,3.041525714,4.059933333,2.810546667,1.2,925,19.68504,19.68504,TOH,P,1298.397972,36766.4757,3.000909033,1103.32849,108,100,6.000000192,6.000000192,2.000000064,2,647500000,34644333333,3,212602,1.23746768,0.36576,6.000000192,-0.075246123,0.879183624,0.177209509,16,1
TOH_P_05,2.84,1.97,3.92,56.7,39.4,78.4,364,352,376,7281,7040,7520,13710,3.031026667,3.178013333,3.692466667,1.2,940,26.24672,26.24672,TOH,P,1298.397972,36766.4757,3.965977765,1458.150251,108,100,8.000000256,8.000000256,2.000000064,2,355320000,45627600000,3,212602,0.968658464,0.36576,8.000000256,-0.075246123,0.236224975,-0.341611714,14,1
TOH_P_06,3.3,2.36,4.45,65.9,47.2,89,218,209,227,4353,4180,4540,13942,2.516573333,2.957533333,4.574386667,1.8,825,32.8084,32.8084,TOH,P,1298.397972,36766.4757,4.929616355,1812.446199,108,100,10.00000032,10.00000032,2.000000064,2,362450000,23941500000,3,212602,0.90145616,0.54864,10.00000032,0.308905138,0.075485313,-0.328951042,12,1
TOH_P_07,2.76,2,3.69,55.2,40,73.8,204,196,211,4076,3920,4220,17510,2.2226,2.957533333,5.08884,2.4,850,39.37008,39.37008,TOH,P,1298.397972,36766.4757,5.848714559,2150.366217,108,100,12.00000038,12.00000038,2.00000006,2,312800000,23097333333,3,212602,0.90145616,0.73152,12.00000038,0.693056399,0.075485313,-0.417114071,10,1
TOH_P_08,1.12,0.654,1.76,22.4,13.08,35.2,51.8,48.1,55.6,1037,962,1112,16846,2.957533333,3.618973333,3.98644,2.4,960,45.93176,45.93176,TOH,P,1298.397972,36766.4757,6.271194963,2305.697372,108,100,14.00000045,14.00000045,2.00000007,2,143360000,6636800000,3,212602,1.103063072,0.73152,14.00000045,0.693056399,0.5577043,-0.717987053,8,1
TOH_P_09,5.85,4.64,7.26,117,92.8,145.2,504,491,518,10089,9820,10360,15523,2.957533333,3.76596,4.679377143,2.4,950,52.49344,52.49344,TOH,P,1298.397972,36766.4757,7.665832333,2818.456382,108,100,16.00000051,16.00000051,2.00000006,2,7.41E+08,6.39E+10,3,212602,1.147864608,0.73152,16.00000051,0.693056399,0.664864074,0.343236563,6,1
TOH_P_10,4.58,3.53,5.82,91.6,70.6,116.4,467,454,480,9336,9080,9600,15954,2.737053333,4.280413333,4.64788,2.4,750,59.05512,59.05512,TOH,P,1298.397972,36766.4757,7.454082143,2740.6033,108,100,18.00000058,18.00000058,2.00000007,2,4.58E+08,4.67E+10,3,212602,1.304669984,0.73152,18.00000058,0.693056399,1.039923286,-0.159283823,4,1
TOH_P_11,4.39,3.33,5.64,87.8,66.6,112.8,445,432,458,8901,8640,9160,15043,3.031026667,3.912946667,4.794866667,3,900,65.6168,52.49344,TOH,P,1298.397972,36766.4757,9.491883174,3489.830921,108,100,16.00000051,20.00000064,2.00000006,2,526800000,5.34E+10,3,212602,1.192666144,0.9144,16.00000051,1.07720766,0.772023849,-0.037116323,2,1
TOH_P_12,0.475,0.186,0.971,9.5,3.72,19.42,83.3,78.2,88.4,1665,1564,1768,14869,4.353906667,5.823773333,5.382813333,3,900,72.17848,45.93176,TOH,P,1298.397972,36766.4757,13.50863891,4966.650442,108,100,14.00000045,22.0000007,2.00000006,2,5.70E+07,9.99E+09,3,212602,1.775086112,0.9144,14.00000045,1.07720766,2.16510092,-0.871335677,0,1
TOH_P_13,6.41,5.07,7.99,128,101.4,159.8,877,856,897,17533,17120,17940,13793,2.296093333,3.325,4.280413333,3,940,78.74016,39.37008,TOH,P,1298.397972,36766.4757,8.522412643,3133.390773,108,100,12.00000038,24.00000077,2.00000007,2,802133333.3,1.10E+11,3,212602,1.01346,0.9144,12.00000038,1.07720766,0.34338475,0.451790436,2,1
TOH_P_14,3.11,2.22,4.21,62.1,44.4,84.2,568,553,583,11357,11060,11660,14412,3.692466667,4.20692,4.679377143,3,940,85.30184,32.8084,TOH,P,1298.397972,36766.4757,11.45196534,4210.484054,108,100,10.00000032,26.00000083,2.00000006,2,389160000,71170533333,3,212602,1.282269216,0.9144,10.00000032,1.07720766,0.986343399,-0.281522351,4,1
TOH_P_15,1.04,0.598,1.67,20.9,11.96,33.4,163,156,169,3251,3120,3380,16930,2.66356,3.419491429,4.941853333,3.6,940,91.86352,26.24672,TOH,P,1298.397972,36766.4757,10.21961761,3757.393225,108,100,8.000000256,28.0000009,2.00000007,2,130973333.3,20372933333,3,212602,1.042260988,1.09728,8.000000256,1.461358921,0.412273177,-0.739981939,6,1
TOH_P_16,4.45,3.37,5.74,89,67.4,114.8,586,571,602,11724,11420,12040,14569,2.159605714,3.573929032,3.10452,3,825,98.4252,19.68504,TOH,P,1298.397972,36766.4757,4.547643628,1672.008289,108,100,6.000000192,30.00000096,2.00000006,2,489500000,6.45E+10,3,212602,1.089333569,0.9144,6.000000192,1.07720766,0.524865014,-0.103349575,8,1
TOH_P_17,3.18,2.31,4.25,63.7,46.2,85,840,821,859,16802,16420,17180,15542,0.45876,0.67924,0.973213333,2.4,900,104.98688,13.12336,TOH,P,1298.397972,36766.4757,1.51596944,557.3685358,108,100,4.000000128,32.00000102,2.00000006,2,382200000,1.01E+11,3,212602,0.207032352,0.73152,4.000000128,0.693056399,-1.585491194,-0.293881156,10,1
